Title,Location,Company
Software Engineering Intern,"San Francisco, CA",PlayStation
Software Engineer - Intern,"New York, NY",Datadog
Software Engineer Intern,"New York, NY",PayPal
Software Engineer Intern,United States,Failing Venture
Software Engineer - Intern,"Mountain View, CA",Platform9 Systems
Software Engineer Intern,"Chicago, IL",project44
Software Engineering Intern,"San Francisco, CA",Cambly Inc.
Software Engineer Intern,"Durham, NC",WillowTree
"Software Engineer, Intern/Co-op","Los Angeles, CA",Facebook
(Intern) Software Engineer,"Atlanta, GA",Samsara
Summer 2021 Intern - Software Engineer,"Herndon, VA",Salesforce
Software Engineering Intern,"Austin, TX",Samsung Electronics America
"Software Engineering Intern, Summer","New York, NY",Stripe
Software Engineer Intern,"Des Moines, IA","PeachPay, Inc."
Software Engineer Intern,"Phoenix, AZ",Intel Corporation
"Software Development Engineer Intern, Summer 2021","New York, NY",Mastercard
Software Engineer Intern (Temporary),"Troy, NY",WB Games
Software Engineer Intern - New York,"New York, NY",FinTech Startup
Software Engineer Intern,San Francisco Bay Area,Anonymus
Software Engineering Intern,"Palmdale, CA",Lockheed Martin
Software Engineer Co-op,"Morrisville, NC",Oracle
2021 Software Engineer Summer Intern,"New York, NY",Yext
"Intern, Software Engineer","Denver, CO",CyberGRX
Software Engineer Intern (Temporary),"Albany, New York Metropolitan Area",Warner Bros. Entertainment
Software Engineer Intern,"Philadelphia, PA",Trella Health
